<?xml version="1.0" encoding="UTF-8"?>
<ruleset name="OMS-HOMER PHPMD"
         xmlns="http://pmd.sf.net/ruleset/1.0.0"
         xmlns:xsi="http://www.w3.org/2001/XMLSchema-instance"
         xsi:schemaLocation="http://pmd.sf.net/ruleset/1.0.0 http://pmd.sf.net/ruleset_xml_schema.xsd"
         xsi:noNamespaceSchemaLocation="http://pmd.sf.net/ruleset_xml_schema.xsd">
    <description>Mess Detector Rules for OMS HOMER</description>
    <rule ref="rulesets/codesize.xml/CyclomaticComplexity">
        <properties>
            <property name="reportLevel" value="15"/>
        </properties>
    </rule>
    <rule ref="rulesets/codesize.xml/NPathComplexity"/>
    <rule ref="rulesets/codesize.xml/ExcessiveMethodLength"/>
    <rule ref="rulesets/codesize.xml/ExcessiveClassLength">
        <properties>
            <property name="minimum" value="2300"/>
        </properties>
    </rule>
    <rule ref="rulesets/codesize.xml/ExcessiveParameterList"/>
    <rule ref="rulesets/codesize.xml/ExcessivePublicCount">
        <properties>
            <property name="minimum" value="200"/>
        </properties>
    </rule>
    <rule ref="rulesets/codesize.xml/TooManyFields">
        <properties>
            <property name="maxfields" value="10"/>
        </properties>
    </rule>
    <rule ref="rulesets/codesize.xml/TooManyMethods">
        <properties>
            <property name="maxmethods" value="5"/>
        </properties>
    </rule>
    <rule ref="rulesets/codesize.xml/ExcessiveClassComplexity">
        <properties>
            <property name="maximum" value="20"/>
        </properties>
    </rule>
    <rule ref="rulesets/controversial.xml"/>
    <rule ref="rulesets/design.xml/ExitExpression"/>
    <rule ref="rulesets/design.xml/EvalExpression"/>
    <rule ref="rulesets/design.xml/GotoStatement"/>
    <rule ref="rulesets/design.xml/NumberOfChildren"/>
    <rule ref="rulesets/design.xml/DepthOfInheritance">
        <properties>
            <property name="minimum" value="4"/>
        </properties>
    </rule>
    <rule ref="rulesets/naming.xml/ShortVariable">
        <properties>
            <property name="minimum" value="2"/>
        </properties>
    </rule>
    <rule ref="rulesets/naming.xml/LongVariable">
        <properties>
            <property name="maximum" value="40"/>
        </properties>
    </rule>
    <rule ref="rulesets/naming.xml/ShortMethodName">
        <properties>
            <property name="minimum" value="2"/>
        </properties>
    </rule>
    <rule ref="rulesets/naming.xml/ConstructorWithNameAsEnclosingClass"/>
    <rule ref="rulesets/naming.xml/ConstantNamingConventions"/>
    <rule ref="rulesets/unusedcode.xml"/>
    <rule ref="rulesets/cleancode.xml">
        <exclude name="StaticAccess"/>
    </rule>
    <exclude-pattern>.lumen_ide_helper.php</exclude-pattern>
    <exclude-pattern>.phpstorm.meta.php</exclude-pattern>
</ruleset>