<?xml version="1.0" encoding="UTF-8"?>
<ruleset name="OMS-HOMER PHPCS">
    <description>Coding Standard rules for TPS</description>
    <rule ref="Symfony2"/>

    <rule ref="Generic.Classes.DuplicateClassName"/>
    <rule ref="Generic.CodeAnalysis.EmptyStatement"/>
    <rule ref="Generic.CodeAnalysis.ForLoopShouldBeWhileLoop"/>
    <rule ref="Generic.CodeAnalysis.UnconditionalIfStatement"/>
    <rule ref="Generic.CodeAnalysis.UnnecessaryFinalModifier"/>
    <rule ref="Generic.ControlStructures.InlineControlStructure"/>
    <rule ref="Generic.Files.LineLength">
        <properties>
            <property name="lineLimit" value="120"/>
            <property name="absoluteLineLimit" value="160"/>
        </properties>
    </rule>
    <rule ref="Generic.Formatting.DisallowMultipleStatements"/>
    <rule ref="Generic.Formatting.MultipleStatementAlignment"/>
    <rule ref="Generic.Functions.CallTimePassByReference"/>
    <rule ref="Generic.Metrics.NestingLevel"/>
    <rule ref="Generic.NamingConventions.ConstructorName"/>
    <rule ref="Generic.NamingConventions.UpperCaseConstantName"/>
    <rule ref="Generic.PHP.DeprecatedFunctions"/>
    <rule ref="Generic.PHP.DisallowShortOpenTag"/>
    <rule ref="Generic.PHP.ForbiddenFunctions"/>
    <rule ref="Generic.PHP.LowerCaseConstant"/>
    <rule ref="Generic.PHP.NoSilencedErrors"/>
    <rule ref="Generic.Strings.UnnecessaryStringConcat"/>
    <rule ref="Generic.WhiteSpace.ScopeIndent">
        <properties>
            <property name="exact" value="false"/>
        </properties>
    </rule>
</ruleset>